<T3DataStructure>
    <sheets>
        <sDEF>
            <ROOT>
                <TCEforms>
                    <sheetTitle>= Global Properties =</sheetTitle>
                </TCEforms>
                <type>array</type>
                <el>

                    <settings.uId>
                        <TCEforms>
                            <label>Unique Identifier:</label>
                            <config>
                                <type>input</type>
                                <size>20</size>
                                <max>20</max>
                                <eval>trim</eval>
                            </config>
                        </TCEforms>
                    </settings.uId>

                    <settings.controls>
                        <TCEforms>
                            <label>Controls: The controls option sets whether or not the player has controls that the user can interact with. Without controls the only way to start the video playing is with the autoplay attribute or through the API.</label>
                            <config>
                                <type>check</type>
                            </config>
                        </TCEforms>
                    </settings.controls>

                    <settings.autoplay>
                        <TCEforms>
                            <label>Autoplay: If autoplay is true, the video will start playing as soon as page is loaded (without any interaction from the user).</label>
                            <config>
                                <type>check</type>
                            </config>
                        </TCEforms>
                    </settings.autoplay>

                    <settings.preload>
                        <TCEforms>
                            <label>Preload:</label>
                            <config>
                                <type>select</type>
                                <items type="array">
                                    <numIndex index="0" type="array">
                                        <numIndex index="0">None: Don't preload any of the video data. This will wait until the user clicks play to begin downloading.</numIndex>
                                        <numIndex index="1">none</numIndex>
                                    </numIndex>
                                    <numIndex index="1" type="array">
                                        <numIndex index="0">Metadata: Load only the meta data of the video, which includes information like the duration and dimensions of the video.</numIndex>
                                        <numIndex index="1">metadata</numIndex>
                                    </numIndex>
                                    <numIndex index="3" type="array">
                                        <numIndex index="0">Auto: Start loading the video immediately (if the browser agrees). Some mobile devices like iPhones and iPads will not preload the video in order to protect their users' bandwidth.</numIndex>
                                        <numIndex index="1">auto</numIndex>
                                    </numIndex>
                                </items>
                            </config>
                        </TCEforms>
                    </settings.preload>

                    <settings.poster>
                        <TCEforms>
                            <label>Poster Image: The poster attribute sets the image that displays before the video begins playing. This is often a frame of the video or a custom title screen. As soon as the user clicks play the image will go away.</label>
                            <config>
                                <type>inline</type>
                                <foreign_table>sys_file_reference</foreign_table>
                                <foreign_field>uid_foreign</foreign_field>
                                <foreign_sortby>sorting_foreign</foreign_sortby>
                                <foreign_table_field>tablenames</foreign_table_field>
                                <foreign_match_fields>
                                    <fieldname>poster</fieldname>
                                </foreign_match_fields>
                                <foreign_label>uid_local</foreign_label>
                                <foreign_selector>uid_local</foreign_selector>
                                <foreign_selector_fieldTcaOverride>
                                    <config>
                                        <appearance>
                                            <elementBrowserType>file</elementBrowserType>
                                            <elementBrowserAllowed>gif,jpg,jpeg,png</elementBrowserAllowed>
                                        </appearance>
                                    </config>
                                </foreign_selector_fieldTcaOverride>
                                <foreign_types type="array">
                                    <numIndex index="2">
                                        <showitem>--palette--;LLL:EXT:lang/locallang_tca.xlf:sys_file_reference.imageoverlayPalette;imageoverlayPalette,--palette--;;filePalette</showitem>
                                    </numIndex>
                                </foreign_types>

                                <minitems>0</minitems>
                                <maxitems>1</maxitems>

                                <appearance>
                                    <useSortable>1</useSortable>
                                    <headerThumbnail>
                                        <field>uid_local</field>
                                        <width>45c</width>
                                        <height>45</height>
                                    </headerThumbnail>

                                    <showPossibleLocalizationRecords>0</showPossibleLocalizationRecords>
                                    <showRemovedLocalizationRecords>0</showRemovedLocalizationRecords>
                                    <showSynchronizationLink>0</showSynchronizationLink>
                                    <useSortable>1</useSortable>
                                    <enabledControls>
                                        <info>1</info>
                                        <new>0</new>
                                        <dragdrop>0</dragdrop>
                                        <sort>1</sort>
                                        <hide>1</hide>
                                        <delete>1</delete>
                                        <localize>1</localize>
                                    </enabledControls>

                                    <createNewRelationLinkTitle>LLL:EXT:frontend/Resources/Private/Language/locallang_ttc.xlf:images.addFileReference</createNewRelationLinkTitle>
                                </appearance>

                                <behaviour>
                                    <localizationMode>select</localizationMode>
                                    <localizeChildrenAtParentLocalization>1</localizeChildrenAtParentLocalization>
                                </behaviour>
                            </config>
                        </TCEforms>
                    </settings.poster>

                    <settings.loop>
                        <TCEforms>
                            <label>Loop: The loop attribute causes the video to start over as soon as it ends. This could be used for a visual affect like clouds in the background.</label>
                            <config>
                                <type>check</type>
                            </config>
                        </TCEforms>
                    </settings.loop>

                    <settings.width>
                        <TCEforms>
                            <label>Width: The width attribute sets the display width of the video.</label>
                            <config>
                                <type>input</type>
                                <size>5</size>
                                <max>5</max>
                                <eval>trim</eval>
                            </config>
                        </TCEforms>
                    </settings.width>

                    <settings.height>
                        <TCEforms>
                            <label>Height: The height attribute sets the display height of the video.</label>
                            <config>
                                <type>input</type>
                                <size>5</size>
                                <max>5</max>
                                <eval>trim</eval>
                            </config>
                        </TCEforms>
                    </settings.height>

                </el>
            </ROOT>
        </sDEF>

        <sDEF2>
            <ROOT>
                <TCEforms>
                    <sheetTitle>= Video Sources =</sheetTitle>
                </TCEforms>
                <type>array</type>
                <el>

                    <settings.video.mp4>
                        <TCEforms>
                            <label>MPeg-4 (Flash)</label>
                            <config>
                                <type>inline</type>
                                <foreign_table>sys_file_reference</foreign_table>
                                <foreign_field>uid_foreign</foreign_field>
                                <foreign_sortby>sorting_foreign</foreign_sortby>
                                <foreign_table_field>tablenames</foreign_table_field>
                                <foreign_match_fields>
                                    <fieldname>mp4</fieldname>
                                </foreign_match_fields>
                                <foreign_label>uid_local</foreign_label>
                                <foreign_selector>uid_local</foreign_selector>
                                <foreign_selector_fieldTcaOverride>
                                    <config>
                                        <appearance>
                                            <elementBrowserType>file</elementBrowserType>
                                            <elementBrowserAllowed>mp4</elementBrowserAllowed>
                                        </appearance>
                                    </config>
                                </foreign_selector_fieldTcaOverride>
                                <foreign_types type="array">
                                    <numIndex index="2">
                                        <showitem>--palette--;LLL:EXT:lang/locallang_tca.xlf:sys_file_reference.imageoverlayPalette;imageoverlayPalette,--palette--;;filePalette</showitem>
                                    </numIndex>
                                </foreign_types>

                                <minitems>0</minitems>
                                <maxitems>1</maxitems>

                                <appearance>
                                    <useSortable>1</useSortable>
                                    <headerThumbnail>
                                        <field>uid_local</field>
                                        <width>45c</width>
                                        <height>45</height>
                                    </headerThumbnail>

                                    <showPossibleLocalizationRecords>0</showPossibleLocalizationRecords>
                                    <showRemovedLocalizationRecords>0</showRemovedLocalizationRecords>
                                    <showSynchronizationLink>0</showSynchronizationLink>
                                    <useSortable>1</useSortable>
                                    <enabledControls>
                                        <info>1</info>
                                        <new>0</new>
                                        <dragdrop>0</dragdrop>
                                        <sort>1</sort>
                                        <hide>1</hide>
                                        <delete>1</delete>
                                        <localize>1</localize>
                                    </enabledControls>

                                    <createNewRelationLinkTitle>LLL:EXT:frontend/Resources/Private/Language/locallang_ttc.xlf:images.addFileReference</createNewRelationLinkTitle>
                                </appearance>

                                <behaviour>
                                    <localizationMode>select</localizationMode>
                                    <localizeChildrenAtParentLocalization>1</localizeChildrenAtParentLocalization>
                                </behaviour>
                            </config>
                        </TCEforms>
                    </settings.video.mp4>

                    <settings.video.webm>
                        <TCEforms>
                            <label>WebM:</label>
                            <config>
                                <type>inline</type>
                                <foreign_table>sys_file_reference</foreign_table>
                                <foreign_field>uid_foreign</foreign_field>
                                <foreign_sortby>sorting_foreign</foreign_sortby>
                                <foreign_table_field>tablenames</foreign_table_field>
                                <foreign_match_fields>
                                    <fieldname>webm</fieldname>
                                </foreign_match_fields>
                                <foreign_label>uid_local</foreign_label>
                                <foreign_selector>uid_local</foreign_selector>
                                <foreign_selector_fieldTcaOverride>
                                    <config>
                                        <appearance>
                                            <elementBrowserType>file</elementBrowserType>
                                            <elementBrowserAllowed>webm</elementBrowserAllowed>
                                        </appearance>
                                    </config>
                                </foreign_selector_fieldTcaOverride>
                                <foreign_types type="array">
                                    <numIndex index="2">
                                        <showitem>--palette--;LLL:EXT:lang/locallang_tca.xlf:sys_file_reference.imageoverlayPalette;imageoverlayPalette,--palette--;;filePalette</showitem>
                                    </numIndex>
                                </foreign_types>

                                <minitems>0</minitems>
                                <maxitems>1</maxitems>

                                <appearance>
                                    <useSortable>1</useSortable>
                                    <headerThumbnail>
                                        <field>uid_local</field>
                                        <width>45c</width>
                                        <height>45</height>
                                    </headerThumbnail>

                                    <showPossibleLocalizationRecords>0</showPossibleLocalizationRecords>
                                    <showRemovedLocalizationRecords>0</showRemovedLocalizationRecords>
                                    <showSynchronizationLink>0</showSynchronizationLink>
                                    <useSortable>1</useSortable>
                                    <enabledControls>
                                        <info>1</info>
                                        <new>0</new>
                                        <dragdrop>0</dragdrop>
                                        <sort>1</sort>
                                        <hide>1</hide>
                                        <delete>1</delete>
                                        <localize>1</localize>
                                    </enabledControls>

                                    <createNewRelationLinkTitle>LLL:EXT:frontend/Resources/Private/Language/locallang_ttc.xlf:images.addFileReference</createNewRelationLinkTitle>
                                </appearance>

                                <behaviour>
                                    <localizationMode>select</localizationMode>
                                    <localizeChildrenAtParentLocalization>1</localizeChildrenAtParentLocalization>
                                </behaviour>
                            </config>
                        </TCEforms>
                    </settings.video.webm>

                    <settings.video.ogv>
                        <TCEforms>
                            <label>Ogv:</label>
                            <config>
                                <type>inline</type>
                                <foreign_table>sys_file_reference</foreign_table>
                                <foreign_field>uid_foreign</foreign_field>
                                <foreign_sortby>sorting_foreign</foreign_sortby>
                                <foreign_table_field>tablenames</foreign_table_field>
                                <foreign_match_fields>
                                    <fieldname>ogv</fieldname>
                                </foreign_match_fields>
                                <foreign_label>uid_local</foreign_label>
                                <foreign_selector>uid_local</foreign_selector>
                                <foreign_selector_fieldTcaOverride>
                                    <config>
                                        <appearance>
                                            <elementBrowserType>file</elementBrowserType>
                                            <elementBrowserAllowed>ogv</elementBrowserAllowed>
                                        </appearance>
                                    </config>
                                </foreign_selector_fieldTcaOverride>
                                <foreign_types type="array">
                                    <numIndex index="2">
                                        <showitem>--palette--;LLL:EXT:lang/locallang_tca.xlf:sys_file_reference.imageoverlayPalette;imageoverlayPalette,--palette--;;filePalette</showitem>
                                    </numIndex>
                                </foreign_types>

                                <minitems>0</minitems>
                                <maxitems>1</maxitems>

                                <appearance>
                                    <useSortable>1</useSortable>
                                    <headerThumbnail>
                                        <field>uid_local</field>
                                        <width>45c</width>
                                        <height>45</height>
                                    </headerThumbnail>

                                    <showPossibleLocalizationRecords>0</showPossibleLocalizationRecords>
                                    <showRemovedLocalizationRecords>0</showRemovedLocalizationRecords>
                                    <showSynchronizationLink>0</showSynchronizationLink>
                                    <useSortable>1</useSortable>
                                    <enabledControls>
                                        <info>1</info>
                                        <new>0</new>
                                        <dragdrop>0</dragdrop>
                                        <sort>1</sort>
                                        <hide>1</hide>
                                        <delete>1</delete>
                                        <localize>1</localize>
                                    </enabledControls>

                                    <createNewRelationLinkTitle>LLL:EXT:frontend/Resources/Private/Language/locallang_ttc.xlf:images.addFileReference</createNewRelationLinkTitle>
                                </appearance>

                                <behaviour>
                                    <localizationMode>select</localizationMode>
                                    <localizeChildrenAtParentLocalization>1</localizeChildrenAtParentLocalization>
                                </behaviour>
                            </config>
                        </TCEforms>
                    </settings.video.ogv>

                    <settings.caption.e>
                        <TCEforms>
                            <label>Caption (englisch):</label>
                            <config>
                                <type>inline</type>
                                <foreign_table>sys_file_reference</foreign_table>
                                <foreign_field>uid_foreign</foreign_field>
                                <foreign_sortby>sorting_foreign</foreign_sortby>
                                <foreign_table_field>tablenames</foreign_table_field>
                                <foreign_match_fields>
                                    <fieldname>captione</fieldname>
                                </foreign_match_fields>
                                <foreign_label>uid_local</foreign_label>
                                <foreign_selector>uid_local</foreign_selector>
                                <foreign_selector_fieldTcaOverride>
                                    <config>
                                        <appearance>
                                            <elementBrowserType>file</elementBrowserType>
                                            <elementBrowserAllowed>vtt</elementBrowserAllowed>
                                        </appearance>
                                    </config>
                                </foreign_selector_fieldTcaOverride>
                                <foreign_types type="array">
                                    <numIndex index="2">
                                        <showitem>--palette--;LLL:EXT:lang/locallang_tca.xlf:sys_file_reference.imageoverlayPalette;imageoverlayPalette,--palette--;;filePalette</showitem>
                                    </numIndex>
                                </foreign_types>

                                <minitems>0</minitems>
                                <maxitems>1</maxitems>

                                <appearance>
                                    <useSortable>1</useSortable>
                                    <headerThumbnail>
                                        <field>uid_local</field>
                                        <width>45c</width>
                                        <height>45</height>
                                    </headerThumbnail>

                                    <showPossibleLocalizationRecords>0</showPossibleLocalizationRecords>
                                    <showRemovedLocalizationRecords>0</showRemovedLocalizationRecords>
                                    <showSynchronizationLink>0</showSynchronizationLink>
                                    <useSortable>1</useSortable>
                                    <enabledControls>
                                        <info>1</info>
                                        <new>0</new>
                                        <dragdrop>0</dragdrop>
                                        <sort>1</sort>
                                        <hide>1</hide>
                                        <delete>1</delete>
                                        <localize>1</localize>
                                    </enabledControls>

                                    <createNewRelationLinkTitle>LLL:EXT:frontend/Resources/Private/Language/locallang_ttc.xlf:images.addFileReference</createNewRelationLinkTitle>
                                </appearance>

                                <behaviour>
                                    <localizationMode>select</localizationMode>
                                    <localizeChildrenAtParentLocalization>1</localizeChildrenAtParentLocalization>
                                </behaviour>
                            </config>
                        </TCEforms>
                    </settings.caption.e>

                    <settings.caption.d>
                        <TCEforms>
                            <label>Caption (german):</label>
                            <config>
                                <type>inline</type>
                                <foreign_table>sys_file_reference</foreign_table>
                                <foreign_field>uid_foreign</foreign_field>
                                <foreign_sortby>sorting_foreign</foreign_sortby>
                                <foreign_table_field>tablenames</foreign_table_field>
                                <foreign_match_fields>
                                    <fieldname>captiond</fieldname>
                                </foreign_match_fields>
                                <foreign_label>uid_local</foreign_label>
                                <foreign_selector>uid_local</foreign_selector>
                                <foreign_selector_fieldTcaOverride>
                                    <config>
                                        <appearance>
                                            <elementBrowserType>file</elementBrowserType>
                                            <elementBrowserAllowed>vtt</elementBrowserAllowed>
                                        </appearance>
                                    </config>
                                </foreign_selector_fieldTcaOverride>
                                <foreign_types type="array">
                                    <numIndex index="2">
                                        <showitem>--palette--;LLL:EXT:lang/locallang_tca.xlf:sys_file_reference.imageoverlayPalette;imageoverlayPalette,--palette--;;filePalette</showitem>
                                    </numIndex>
                                </foreign_types>

                                <minitems>0</minitems>
                                <maxitems>1</maxitems>

                                <appearance>
                                    <useSortable>1</useSortable>
                                    <headerThumbnail>
                                        <field>uid_local</field>
                                        <width>45c</width>
                                        <height>45</height>
                                    </headerThumbnail>

                                    <showPossibleLocalizationRecords>0</showPossibleLocalizationRecords>
                                    <showRemovedLocalizationRecords>0</showRemovedLocalizationRecords>
                                    <showSynchronizationLink>0</showSynchronizationLink>
                                    <useSortable>1</useSortable>
                                    <enabledControls>
                                        <info>1</info>
                                        <new>0</new>
                                        <dragdrop>0</dragdrop>
                                        <sort>1</sort>
                                        <hide>1</hide>
                                        <delete>1</delete>
                                        <localize>1</localize>
                                    </enabledControls>

                                    <createNewRelationLinkTitle>LLL:EXT:frontend/Resources/Private/Language/locallang_ttc.xlf:images.addFileReference</createNewRelationLinkTitle>
                                </appearance>

                                <behaviour>
                                    <localizationMode>select</localizationMode>
                                    <localizeChildrenAtParentLocalization>1</localizeChildrenAtParentLocalization>
                                </behaviour>
                            </config>
                        </TCEforms>
                    </settings.caption.d>
                </el>
            </ROOT>
        </sDEF2>
    </sheets>
</T3DataStructure>
